# Host: localhost  (Version: 5.5.34)
# Date: 2013-11-02 22:08:30
# Generator: MySQL-Front 5.3  (Build 4.43)

/*!40101 SET NAMES utf8 */;

#
# Structure for table "t_admin"
#

DROP TABLE IF EXISTS `t_admin`;
CREATE TABLE `t_admin` (
  `id` int(11) NOT NULL AUTO_INCREMENT,
  `username` varchar(255) DEFAULT NULL,
  `account` varchar(255) DEFAULT NULL,
  `password` varchar(255) DEFAULT NULL,
  PRIMARY KEY (`id`)
) ENGINE=InnoDB DEFAULT CHARSET=utf8;

#
# Data for table "t_admin"
#


#
# Structure for table "t_dept"
#

DROP TABLE IF EXISTS `t_dept`;
CREATE TABLE `t_dept` (
  `id` int(11) NOT NULL AUTO_INCREMENT,
  `year` int(11) DEFAULT NULL,
  `deptName` varchar(255) DEFAULT NULL,
  PRIMARY KEY (`id`)
) ENGINE=InnoDB AUTO_INCREMENT=14 DEFAULT CHARSET=utf8;

#
# Data for table "t_dept"
#

INSERT INTO `t_dept` VALUES (1,2013,'食品学院'),(2,2013,'工程学院'),(3,2013,'理学院'),(4,2013,'信息与电气工程学院'),(5,2013,'经济管理学院'),(6,2013,'科学技术学院'),(7,2013,'林学院'),(8,2013,'农学院'),(9,2013,'生物科学技术学院'),(10,2013,'水利学院'),(11,2013,'土地与环境学院'),(12,2013,'畜牧兽医学院'),(13,2013,'植物保护学院');

#
# Structure for table "t_vote_system"
#

DROP TABLE IF EXISTS `t_vote_system`;
CREATE TABLE `t_vote_system` (
  `id` int(11) NOT NULL AUTO_INCREMENT,
  `systemYear` int(11) DEFAULT NULL,
  `allowLogin` int(11) DEFAULT NULL,
  PRIMARY KEY (`id`)
) ENGINE=InnoDB AUTO_INCREMENT=2 DEFAULT CHARSET=utf8;

#
# Data for table "t_vote_system"
#

INSERT INTO `t_vote_system` VALUES (1,2013,1);

#
# Structure for table "t_votee"
#

DROP TABLE IF EXISTS `t_votee`;
CREATE TABLE `t_votee` (
  `id` int(11) NOT NULL AUTO_INCREMENT,
  `year` int(11) DEFAULT NULL,
  `username` varchar(255) DEFAULT NULL COMMENT '被投票人的名字',
  `isLeadership` int(11) DEFAULT NULL,
  `report` text,
  PRIMARY KEY (`id`)
) ENGINE=InnoDB AUTO_INCREMENT=401 DEFAULT CHARSET=utf8 COMMENT='被投票人';

#
# Data for table "t_votee"
#

INSERT INTO `t_votee` VALUES (1,2013,'石青松',0,'qingsong'),(2,2013,'李超华',0,'lichaohua6263'),(3,2013,'张博',0,'11nongzi2'),(4,2013,'王天豪',0,'169640004'),(5,2013,'徐碧涵',0,'873528xxh'),(6,2013,'张宇',0,'zhangYU2012'),(7,2013,'王恒飞',0,'wanghenghui1993'),(8,2013,'吕丹阳',0,'l1533700343'),(9,2013,'梅鹏飞',0,'283047459'),(10,2013,'辛胤颉',0,'940824'),(11,2013,'安亭亭',0,'10sj1b'),(12,2013,'张金钊',0,'12tuguan2'),(14,2013,'张楠',0,'zhang107'),(15,2013,'杨为',0,'232508ywyyh'),(16,2013,'李哲',0,'409318034'),(17,2013,'彭琳艳',0,'494932729'),(18,2013,'尹倩玉',0,'19921011yqy'),(19,2013,'付程浩',0,'sqzr000'),(20,2013,'谢小莲',0,'xiexiaolian0711'),(21,2013,'刘淑媛',0,'linjian911'),(22,2013,'唐梓乘',0,'10shengke'),(23,2013,'王子宁',0,'haimianbaobao'),(24,2013,'康赛翠',0,'19880304'),(25,2013,'王月',0,'wangyue1117'),(26,2013,'鲍巧红',0,'19920930'),(27,2013,'邢芳',0,'fangfang1018'),(28,2013,'霍轶琼',0,'huoyiqiong'),(29,2013,'李浩然',0,'L2836879'),(30,2013,'张光宇',0,'196412zgy'),(31,2013,'高林波',0,'canxue'),(32,2013,'杨洋',0,'14614055'),(33,2013,'孙佳星',0,'1992020221st'),(34,2013,'陈阳松',0,'B1234B'),(35,2013,'张伟',0,'zhangwei123'),(36,2013,'费鹤鸣',0,'19930909'),(37,2013,'房建昌',0,'fjc314'),(38,2013,'刘哲',0,'526479'),(39,2013,'李国福',0,'875658'),(40,2013,'李沐阳',0,'14664019'),(42,2013,'杜彦廷',0,'d19940704'),(43,2013,'王贺东',0,'156140001'),(44,2013,'贾舟',0,'just4you'),(45,2013,'袁雪',0,'11shengji2'),(46,2013,'陈筠',0,'11shengji1'),(47,2013,'李园园',0,'lyy20110678'),(48,2013,'饶红梅',0,'910510'),(49,2013,'白丹',0,'123456'),(50,2013,'张欢',0,'533727'),(51,2013,'涂翰卿',0,'p506461242'),(52,2013,'毛思远',0,'msy123150'),(53,2013,'卜舒扬',0,'19900724'),(54,2013,'王媛',0,'989112jdm'),(55,2013,'李二申',0,'li336699er'),(56,2013,'张显增',0,'142420013'),(57,2013,'孙建坤',0,'8359108'),(58,2013,'王纲',0,'lty374hdkzci'),(59,2013,'柳洪锐',0,'283031762'),(60,2013,'王俊棋',0,'191141'),(61,2013,'王文然',0,'930828wang'),(62,2013,'宋梦琪',0,'song611611'),(63,2013,'李保强',0,'qiji1234'),(64,2013,'苏莹莹',0,'hjlsyy'),(65,2013,'毛乾屹',0,'121015'),(66,2013,'毛瑞红',0,'JIAREN0520mao'),(67,2013,'张泽宇',0,'940115'),(68,2013,'张浩',0,'hao900628'),(69,2013,'田午廷',0,'88525969'),(70,2013,'刘琪',0,'Loukiki7'),(71,2013,'邢震宇',0,'xzy1992123xzy'),(72,2013,'刘金依',0,'ee5211314'),(73,2013,'常萍',0,'11shengke1010'),(74,2013,'杨盟权',0,'y2i3m8e4n9g'),(75,2013,'张琰',0,'zy15604249161'),(76,2013,'梁志强',0,'2473836315'),(77,2013,'杨东岳',0,'389562'),(78,2013,'杜青松',0,'930302'),(79,2013,'张雯',0,'wen15035358471'),(80,2013,'杨帆',0,'yangfan42159'),(81,2013,'付爱佳',0,'14064003'),(82,2013,'赵晓亮',0,'09tumu1'),(83,2013,'付晓芳',0,'7813008'),(84,2013,'王思懿',0,'155640003'),(85,2013,'郝蕴利',0,'19920322'),(86,2013,'蒋利洋',0,'6369030'),(87,2013,'张国剑',0,'18842360102'),(88,2013,'牛云鹏',0,'niu817007'),(89,2013,'祝芳',0,'666666'),(90,2013,'张星照',0,'021623'),(91,2013,'周婵婵',0,'87670351'),(92,2013,'郑浩',0,'14634021'),(93,2013,'郭小叶',0,'127100YEYE'),(94,2013,'甘淼',0,'19920131'),(95,2013,'王佳泽',0,'123456'),(96,2013,'白士斌',0,'12dongyisan'),(97,2013,'蔡龙生',0,'123456789'),(98,2013,'高孟霜',0,'gms11nx2'),(99,2013,'张兵华',0,'027120'),(100,2013,'李曚曚',0,'124311LI930702'),(101,2013,'孟博文',0,'mbwwayne'),(102,2013,'王立国',0,'wlg159543'),(103,2013,'梁东辉',0,'123123'),(104,2013,'李莹',0,'19910827'),(105,2013,'邹世益',0,'875713578'),(106,2013,'刘天慧',0,'1509liutianhui'),(107,2013,'唐媛圆',0,'yuanyuantang'),(108,2013,'崔宇泽',0,'612137'),(109,2013,'隋丹',0,'14314018'),(110,2013,'李媛媛',0,'13238891006'),(111,2013,'吴英楠',0,'123456'),(112,2013,'罗榃',0,'163640023'),(113,2013,'洪霞',0,'8462592'),(114,2013,'陈思璐',0,'13037436'),(115,2013,'张逸冰',0,'504504'),(116,2013,'李睿',0,'rui9853'),(118,2013,'彭旭飞',0,'fei110fei110'),(119,2013,'张婷',0,'ting315'),(121,2013,'苑德鹏',0,'14044062'),(122,2013,'薛学武',0,'499658245'),(123,2013,'葛婉',0,'277136'),(124,2013,'尹晓彤',0,'yinxiaotong0609'),(125,2013,'静玉玲',0,'zhongyao'),(126,2013,'董丹丹',0,'312ddd1114'),(127,2013,'钟国荣',0,'1274531'),(128,2013,'王羚翔',0,'19910621'),(129,2013,'田荣荣',0,'155840006'),(130,2013,'刘校铭',0,'201202'),(131,2013,'刘婧',0,'169940007'),(132,2013,'姚超',0,'169240022'),(133,2013,'郑启凯',0,'090803'),(134,2013,'李福新',0,'sky73520'),(135,2013,'陈晓雨',0,'10yingxiao2'),(136,2013,'张旭东',0,'wangting'),(137,2013,'孙永建',0,'165940011'),(138,2013,'陈宏泽',0,'chz12176900938'),(139,2013,'吴尚仪',0,'734035'),(140,2013,'范静',0,'6922cx'),(141,2013,'程阳宇',0,'6186266'),(142,2013,'黄鹏飞',0,'2687009'),(143,2013,'刘丹',0,'7797610ab'),(144,2013,'张春雷',0,'7341308'),(145,2013,'汪治刚',0,'19930304'),(146,2013,'崔国伟',0,'cgwei7302301'),(147,2013,'李一',0,'LIYI1993'),(148,2013,'白长华',0,'1233210'),(149,2013,'韩明彤',0,'19921028'),(150,2013,'蔡晓庆',0,'14864027'),(151,2013,'刘美岑',0,'19921230'),(152,2013,'武爽',0,'13898106590'),(153,2013,'伊佳斐',0,'920727'),(154,2013,'张连雷',0,'ad123456789'),(155,2013,'徐铭',0,'19880517'),(156,2013,'徐少聪',0,'623404'),(157,2013,'李志娟',0,'921004'),(158,2013,'朱沈宁',0,'1a1b2a2b'),(159,2013,'陈书昊',0,'160640050'),(160,2013,'孙大平',0,'1236987450'),(161,2013,'杨彬彬',0,'qq7896234'),(162,2013,'邢竣策',0,'junceyeai77'),(163,2013,'于成龙',0,'88888888'),(164,2013,'韩乐陶',0,'taozi2611'),(165,2013,'马艳丽',0,'775728myl'),(166,2013,'高云超',0,'11linxue2'),(167,2013,'赵丹丹',0,'262604'),(169,2013,'马静怡',0,'940723'),(170,2013,'王宇洋',0,'dqyiban'),(171,2013,'陈凯',0,'ck19910126'),(172,2013,'黄昕畑',0,'378208809'),(173,2013,'冯玮',0,'011111'),(174,2013,'段晓宇',0,'956999'),(175,2013,'王珊',0,'3319940812'),(176,2013,'司晨冉',0,'6995849'),(177,2013,'尹诗媛',0,'14494032'),(178,2013,'杜洋',0,'2294453422'),(179,2013,'刘迪',0,'19900708'),(180,2013,'王春艳',0,'2567016dmq'),(181,2013,'唐爱迪',0,'030592'),(182,2013,'王佳玉',0,'920717'),(183,2013,'侯璐',0,'13494089'),(184,2013,'车钰倩',0,'19920417520'),(186,2013,'盛蕾',0,'13942544605'),(187,2013,'刘芮杉',0,'14134012'),(188,2013,'焦文莉',0,'931117'),(189,2013,'姜红然',0,'200189199152'),(190,2013,'刘超',0,'46659561'),(191,2013,'郎宇曦',0,'wolflyx0815'),(192,2013,'肖舒元',0,'92211991xsy'),(193,2013,'樊旭',0,'199458'),(194,2013,'李义博',0,'630454959'),(195,2013,'战昊',0,'zhanhao'),(196,2013,'张俊婷',0,'19910628'),(197,2013,'任彤',0,'rt120190702'),(198,2013,'宋军鸽',0,'35687sjg'),(199,2013,'鞠立君',0,'jlj841226123'),(201,2013,'刘旭晨',0,'19930220'),(202,2013,'孙悦',0,'13358839337'),(203,2013,'陈冰',0,'14604061'),(204,2013,'张磊',0,'wangziyicool'),(205,2013,'赵吉喆',0,'zjzaz931106'),(206,2013,'孙赫阳',0,'as8111417'),(207,2013,'白旭',0,'baixv111'),(208,2013,'王鹏',0,'6425191'),(209,2013,'朱明',0,'555558'),(210,2013,'郝万禄',0,'123654'),(211,2013,'王宝荣',0,'122312'),(212,2013,'付诗晨',0,'707788'),(213,2013,'裴军强',0,'14074029'),(214,2013,'李龙龙',0,'14254016'),(215,2013,'薛星艳',0,'12345678'),(216,2013,'许博闻',0,'1513400440'),(217,2013,'蔡思阳',0,'169740060'),(218,2013,'刘洋',0,'14254038'),(219,2013,'李泽秀',0,'024224'),(220,2013,'王朔',0,'156340005'),(222,2013,'赵聚粉',0,'110322'),(223,2013,'苏闯',0,'suchuang0044'),(224,2013,'唐傲杰',0,'846200'),(225,2013,'邹逸鹤',0,'063128'),(226,2013,'崔维旭',0,'cwx12345'),(227,2013,'曾雅琼',0,'diyushaonv1325'),(228,2013,'吴红亮',0,'whl151882'),(229,2013,'石霞',0,'18304018586'),(230,2013,'朱明洋',0,'1640400'),(231,2013,'郭璐赟',0,'qaz431587'),(232,2013,'李东阳',0,'14464035'),(233,2013,'张晓磊',0,'x98c03g07'),(234,2013,'韩明书',0,'20060309'),(235,2013,'包利平',0,'041322'),(236,2013,'万爽',0,'900607'),(237,2013,'魏怀昇',0,'19376700'),(238,2013,'聂佳焰',0,'xd11dianqi3'),(239,2013,'李为',0,'10216529'),(240,2013,'姜艺晖',0,'521314'),(241,2013,'赵清',0,'199305200'),(242,2013,'郭巍',0,'3178377'),(243,2013,'付宏杰',0,'623712'),(244,2013,'王亚欢',0,'meizhuqing'),(245,2013,'刘婷婷',0,'woaini521'),(246,2013,'蒋姗姗',0,'123456'),(247,2013,'杨菊蜻',0,'199324'),(248,2013,'于云飞',0,'114889'),(249,2013,'石新',0,'13714008'),(250,2013,'李雨薇',0,'517586'),(251,2013,'李旭',0,'19930115'),(252,2013,'李若琪',0,'LRQLFCF'),(253,2013,'王海宁',0,'13044051'),(254,2013,'涂尚宁',0,'7123206'),(255,2013,'李亚魁',0,'90121378'),(256,2013,'王冕',0,'154192'),(257,2013,'蔡泽慧',0,'144040551111'),(258,2013,'李化生',0,'621621'),(259,2013,'纪然',0,'r39318866'),(260,2013,'杨秀娟',0,'158740014'),(261,2013,'赵文圣',0,'168840021'),(262,2013,'傅吉祥',0,'gaonan'),(263,2013,'瞿会',0,'134945029'),(264,2013,'文苏莹',0,'199212'),(265,2013,'郑金梦',0,'zjm13579'),(266,2013,'赵兴',0,'167140024'),(267,2013,'冯梦楠',0,'159740002'),(268,2013,'肖慧',0,'611214'),(269,2013,'孟丹娜',0,'mengdanna'),(270,2013,'王泉',0,'gaosandemangguo'),(271,2013,'李晓娟',0,'aassaa'),(272,2013,'董前进',0,'12zhibaosanban'),(273,2013,'陈义轩',0,'Bleach19'),(274,2013,'张明明',0,'13898156351'),(275,2013,'李振西',0,'15840206765'),(276,2013,'郭艳丹',0,'123syndydG'),(277,2013,'李阳',0,'10yuanyi3ban'),(278,2013,'周洁',0,'882664'),(279,2013,'佟兆庆',0,'yuanlin'),(280,2013,'王丽园',0,'YUAN521LIN'),(282,2013,'李新华',0,'327848342710'),(283,2013,'刘志远',0,'123456'),(284,2013,'张乃楼',0,'ysys198959'),(285,2013,'杨雯',0,'yyy651230'),(286,2013,'刘洪旭',0,'46794679'),(287,2013,'郭占虎',0,'09yuanlin'),(288,2013,'孙洪竹',0,'485551'),(289,2013,'苏建阳',0,'sjyxl5250'),(290,2013,'李英',0,'13484042'),(291,2013,'冯亚星',0,'fyx126'),(293,2013,'王国强',0,'21122119900908'),(294,2013,'党中恺',0,'dzk14514017'),(295,2013,'邹青池',0,'86121574'),(296,2013,'王斌',0,'1054702666'),(297,2013,'杨建春',0,'boycheng25'),(298,2013,'夏家顺',0,'LEtian520'),(299,2013,'郑旭明',0,'lz19930428M'),(300,2013,'张信明',0,'mm417521'),(301,2013,'罗欣',0,'lx0219'),(302,2013,'王晓辉',0,'12nonggong'),(303,2013,'邵岩',0,'272829'),(304,2013,'梁娜',0,'199053'),(305,2013,'孙静阳',0,'sjy112233'),(306,2013,'王焕鹏',0,'xh13514034'),(307,2013,'朱俊捷',0,'164640012'),(308,2013,'张凌峰',0,'162540046'),(309,2013,'白学刚',0,'123456'),(310,2013,'金超',0,'1994511886'),(311,2013,'李长军',0,'A15142003254'),(312,2013,'缪雪乐',0,'11syyb'),(313,2013,'丁文龙',0,'longlong1989'),(314,2013,'程亮亮',0,'2014LIANG'),(315,2013,'高红霞',0,'ghx13894069'),(316,2013,'廖茜',0,'13254031'),(317,2013,'任静茹',0,'5125120'),(318,2013,'胡师金',0,'hsj9512369'),(319,2013,'刘晓儒',0,'714824'),(320,2013,'何超',0,'19940609'),(321,2013,'张兵',0,'167140042'),(322,2013,'张瑞',0,'19910116'),(323,2013,'邹星辰',0,'1234567'),(324,2013,'袁敏',0,'yuanmin'),(325,2013,'安国杰',0,'123456'),(327,2013,'林超',0,'900523'),(328,2013,'钱则玉',0,'qianzeyu32'),(329,2013,'崔阳',0,'199110'),(330,2013,'王鹤',0,'10jiaoyun1'),(331,2013,'张雅',0,'zhangya931226'),(332,2013,'李长春',0,'zxc2007'),(333,2013,'张泽辉',0,'157240009'),(334,2013,'任超',0,'88888888'),(335,2013,'幸德军',0,'xingdejun789'),(336,2013,'郭阳',0,'410567774'),(337,2013,'焦阳',0,'10dianqi2'),(338,2013,'赵鹭',0,'147258'),(339,2013,'刘洪波',0,'14894073'),(340,2013,'刘新源',0,'123456'),(341,2013,'龚学锋',0,'007889'),(342,2013,'潘宇琦',0,'162150088'),(343,2013,'张程宣',0,'19900920'),(344,2013,'宋锋毅',0,'09jianhuan'),(345,2013,'马宇彤',0,'15040214290'),(346,2013,'叶荣荣',0,'1990324'),(347,2013,'国永清',0,'329357602'),(348,2013,'李洋',0,'150940015'),(349,2013,'王晓晨',0,'39821250'),(350,2013,'刘长铎',0,'199109210814'),(351,2013,'秦越',0,'14215054'),(352,2013,'刘军',0,'fany150196123'),(353,2013,'王子方',0,'lafang5213'),(354,2013,'苏悦',0,'123654789'),(355,2013,'张顺洋',0,'lang80231314'),(356,2013,'崔新宇',0,'6997799'),(357,2013,'闫继辰',0,'CAT15319820256'),(358,2013,'张琳琳',0,'198720'),(359,2013,'齐智',0,'19900716'),(360,2013,'张万里',0,'zhwanli15048'),(361,2013,'吕明波',0,'6462899509'),(362,2013,'马皓天',0,'123456'),(363,2013,'陈墨',0,'395590783'),(364,2013,'王双颖',0,'123456'),(365,2013,'王基伟',0,'wang15848530299'),(366,2013,'魏偲',0,'weicai321'),(367,2013,'王琳',0,'wanglin'),(368,2013,'李成',0,'123456'),(369,2013,'吕爽',0,'510034649'),(370,2013,'鄂思宇',0,'esiyu123'),(371,2013,'罗云莉',0,'ocaka346103897'),(372,2013,'沈啸宇',0,'19900607'),(373,2013,'闪爱婷',0,'890121sat'),(374,2013,'王轶夫',0,'yqy12345'),(375,2013,'李曜宇',0,'0422005715'),(376,2013,'段刚强',0,'duan123456'),(377,2013,'于贵峙',0,'987654'),(378,2013,'邵洪量',0,'123456a'),(379,2013,'罗云莉',0,'123456'),(380,2013,'秦璐',0,'123456'),(381,2013,'关凯',0,'132545017'),(382,2013,'曹艳辉',0,'166340026'),(383,2013,'张旭',0,'2921155'),(384,2013,'杨欢',0,'51956cara998'),(385,2013,'卢思羽',0,'18842345280'),(386,2013,'王猛',0,'897577'),(387,2013,'张丽华',0,'32983zlh'),(388,2013,'傅延彬',0,'09shengwukexue'),(389,2013,'程金云',0,'091205'),(390,2013,'杨钦',0,'123456'),(392,2013,'牛松',0,'19890405'),(393,2013,'魏欢欢',0,'13634022'),(394,2013,'胡站涛',0,'dianxinyiban'),(395,2013,'曹宏伟',0,'123456'),(396,2013,'王飞',0,'13924001'),(397,2013,'郝娜',0,'love1234'),(398,2013,'杨力维',0,'5822000'),(399,2013,'李硕',0,'18304075629'),(400,2013,'邢苑英',0,'14984012');

#
# Structure for table "t_ballot"
#

DROP TABLE IF EXISTS `t_ballot`;
CREATE TABLE `t_ballot` (
  `Id` int(11) NOT NULL AUTO_INCREMENT,
  `year` int(11) DEFAULT NULL,
  `voteeId` int(11) DEFAULT NULL COMMENT '被选举人',
  `overallMerit` int(11) DEFAULT NULL COMMENT '综合评价',
  `ideology` int(11) DEFAULT NULL COMMENT '思想品德',
  `workingAbility` int(11) DEFAULT NULL COMMENT '工作能力',
  `professionalEthics` int(11) DEFAULT NULL COMMENT '敬业精神',
  `clean` int(11) DEFAULT NULL COMMENT '廉洁自律',
  `innovationAbility` int(11) DEFAULT NULL COMMENT '创新能力',
  `completionOfJobs` int(11) DEFAULT NULL COMMENT '定量考核(工作目标完成情况)',
  PRIMARY KEY (`Id`),
  KEY `fk_ballot_voteeId_votee_id` (`voteeId`),
  CONSTRAINT `fk_ballot_voteeId_votee_id` FOREIGN KEY (`voteeId`) REFERENCES `t_votee` (`id`)
) ENGINE=InnoDB AUTO_INCREMENT=2 DEFAULT CHARSET=utf8;

#
# Data for table "t_ballot"
#

INSERT INTO `t_ballot` VALUES (1,2013,3,4,3,3,3,3,3,3);

#
# Structure for table "t_votee_dept"
#

DROP TABLE IF EXISTS `t_votee_dept`;
CREATE TABLE `t_votee_dept` (
  `voteeId` int(11) NOT NULL,
  `deptId` int(11) NOT NULL DEFAULT '0',
  PRIMARY KEY (`voteeId`,`deptId`),
  KEY `fk_votee_dept_deptId_dept_id` (`deptId`),
  CONSTRAINT `fk_votee_dept_deptId_dept_id` FOREIGN KEY (`deptId`) REFERENCES `t_dept` (`id`),
  CONSTRAINT `fk_votee_dept_voteeId_votee_id` FOREIGN KEY (`voteeId`) REFERENCES `t_votee` (`id`)
) ENGINE=InnoDB DEFAULT CHARSET=utf8;

#
# Data for table "t_votee_dept"
#

INSERT INTO `t_votee_dept` VALUES (1,1),(2,1),(3,1),(4,1),(5,1),(6,1),(7,1),(8,1),(9,1),(10,1),(11,13),(12,13),(14,13),(15,13),(16,13),(17,13),(18,13),(19,13),(20,13);

#
# Structure for table "t_voter"
#

DROP TABLE IF EXISTS `t_voter`;
CREATE TABLE `t_voter` (
  `Id` int(11) NOT NULL AUTO_INCREMENT,
  `year` int(11) DEFAULT NULL,
  `username` varchar(255) DEFAULT NULL,
  `account` varchar(255) DEFAULT NULL,
  `password` varchar(255) DEFAULT NULL,
  `deptId` int(11) DEFAULT NULL,
  PRIMARY KEY (`Id`),
  KEY `fk_voter_deptId_dept_id` (`deptId`),
  CONSTRAINT `fk_voter_deptId_dept_id` FOREIGN KEY (`deptId`) REFERENCES `t_dept` (`id`)
) ENGINE=InnoDB AUTO_INCREMENT=401 DEFAULT CHARSET=utf8 COMMENT='选民，投票人。';

#
# Data for table "t_voter"
#

INSERT INTO `t_voter` VALUES (1,2013,'石青松','qingsong','qingsong',1),(2,2013,'李超华','xingyunhua','lichaohua6263',1),(3,2013,'张博','11nongzi2','11nongzi2',1),(4,2013,'王天豪','169640004','169640004',1),(5,2013,'徐碧涵','x213itt','873528xxh',1),(6,2013,'张宇','zhangyu','zhangYU2012',1),(7,2013,'王恒飞','1710439833a','wanghenghui1993',1),(8,2013,'吕丹阳','lvdanyang1993','l1533700343',1),(9,2013,'梅鹏飞','meipengfei','283047459',1),(10,2013,'辛胤颉','xy940824','940824',1),(11,2013,'安亭亭','10sj1b','10sj1b',1),(12,2013,'张金钊','12tuguan2','12tuguan2',1),(14,2013,'张楠','zhangnan35','zhang107',1),(15,2013,'杨为','ywyyh232508','232508ywyyh',1),(16,2013,'李哲','LZSY325800','409318034',1),(17,2013,'彭琳艳','peng316','494932729',1),(18,2013,'尹倩玉','yinqianyu','19921011yqy',1),(19,2013,'付程浩','156740004','sqzr000',1),(20,2013,'谢小莲','xiexaolian1992','xiexiaolian0711',1),(21,2013,'刘淑媛','liushuyuan1990','linjian911',1),(22,2013,'唐梓乘','10shengke','10shengke',1),(23,2013,'王子宁','wangzining','haimianbaobao',1),(24,2013,'康赛翠','ksc1988','19880304',1),(25,2013,'王月','wy136963639','wangyue1117',1),(26,2013,'鲍巧红','baoqiaohong','19920930',1),(27,2013,'邢芳','xingfang','fangfang1018',1),(28,2013,'霍轶琼','huoyiqiong','huoyiqiong',1),(29,2013,'李浩然','Hitman47','L2836879',1),(30,2013,'张光宇','14674010zgy','196412zgy',1),(31,2013,'高林波','11canxue','canxue',2),(32,2013,'杨洋','14614055','14614055',2),(33,2013,'孙佳星','moye0202','1992020221st',2),(34,2013,'陈阳松','A1234A','B1234B',2),(35,2013,'张伟','zhangwei','zhangwei123',2),(36,2013,'费鹤鸣','feiheming','19930909',2),(37,2013,'房建昌','fjcjzj','fjc314',2),(38,2013,'刘哲','liuzhe123','526479',2),(39,2013,'李国福','13044034','875658',2),(40,2013,'李沐阳','14664019','14664019',2),(42,2013,'杜彦廷','du19940704','d19940704',2),(43,2013,'王贺东','156140001','156140001',2),(44,2013,'贾舟','53115311','just4you',2),(45,2013,'袁雪','11shengji2','11shengji2',2),(46,2013,'陈筠','11shengji1','11shengji1',2),(47,2013,'李园园','lyy19921006','lyy20110678',2),(48,2013,'饶红梅','15215025','910510',2),(49,2013,'白丹','11jizhi3','123456',2),(50,2013,'张欢','zhanghuan57272','533727',2),(51,2013,'涂翰卿','peter20100211','p506461242',2),(52,2013,'毛思远','msy151140005','msy123150',2),(53,2013,'卜舒扬','848752495','19900724',2),(54,2013,'王媛','snow2009jdm','989112jdm',2),(55,2013,'李二申','li336699er','li336699er',2),(56,2013,'张显增','142420013','142420013',2),(57,2013,'孙建坤','sun8359108','8359108',2),(58,2013,'王纲','china520','lty374hdkzci',2),(59,2013,'柳洪锐','liuhongrui','283031762',2),(60,2013,'王俊棋','jack191141','191141',2),(61,2013,'王文然','qaz930828','930828wang',3),(62,2013,'宋梦琪','song611611','song611611',3),(63,2013,'李保强','libaoqiang1205','qiji1234',3),(64,2013,'苏莹莹','suying','hjlsyy',3),(65,2013,'毛乾屹','mqy121015','121015',3),(66,2013,'毛瑞红','0520mao','JIAREN0520mao',3),(67,2013,'张泽宇','163040043','940115',3),(68,2013,'张浩','13864012','hao900628',3),(69,2013,'田午廷','tianwuting','88525969',3),(70,2013,'刘琪','babyfly67','Loukiki7',3),(71,2013,'邢震宇','xzyxzy','xzy1992123xzy',3),(72,2013,'刘金依','EE164840033','ee5211314',3),(73,2013,'常萍','11shengke','11shengke1010',3),(74,2013,'杨盟权','yimeng23849','y2i3m8e4n9g',3),(75,2013,'张琰','12kuaiji2','zy15604249161',3),(76,2013,'梁志强','11yingxiaoerban','2473836315',3),(77,2013,'杨东岳','yangdongyue','389562',3),(78,2013,'杜青松','qingsong2','930302',3),(79,2013,'张雯','wen14104008','wen15035358471',3),(80,2013,'杨帆','yangfan42159','yangfan42159',3),(81,2013,'付爱佳','14064003','14064003',3),(82,2013,'赵晓亮','09tumu1','09tumu1',3),(83,2013,'付晓芳','14364041','7813008',3),(84,2013,'王思懿','155640003','155640003',3),(85,2013,'郝蕴利','785373529','19920322',3),(86,2013,'蒋利洋','13074029','6369030',3),(87,2013,'张国剑','494123348','18842360102',3),(88,2013,'牛云鹏','15542282248','niu817007',3),(89,2013,'祝芳','14674045','666666',3),(90,2013,'张星照','156240013','021623',3),(91,2013,'周婵婵','14014019','87670351',4),(92,2013,'郑浩','14634021','14634021',4),(93,2013,'郭小叶','492588106','127100YEYE',4),(94,2013,'甘淼','166647005','19920131',4),(95,2013,'王佳泽','169840002','123456',4),(96,2013,'白士斌','12dongyisan','12dongyisan',4),(97,2013,'蔡龙生','470326753','123456789',4),(98,2013,'高孟霜','gms11nx','gms11nx2',4),(99,2013,'张兵华','zbh027120','027120',4),(100,2013,'李曚曚','110116LMM','124311LI930702',4),(101,2013,'孟博文','156640022','mbwwayne',4),(102,2013,'王立国','wlg159543','wlg159543',4),(103,2013,'梁东辉','ldhldhldh','123123',4),(104,2013,'李莹','14364016','19910827',4),(105,2013,'邹世益','16094023','875713578',4),(106,2013,'刘天慧','hui6423','1509liutianhui',4),(107,2013,'唐媛圆','1094821287','yuanyuantang',4),(108,2013,'崔宇泽','146220029','612137',4),(109,2013,'隋丹','14314018','14314018',4),(110,2013,'李媛媛','809254290','13238891006',4),(111,2013,'吴英楠','160540008','123456',5),(112,2013,'罗榃','163640023','163640023',5),(113,2013,'洪霞','150540028','8462592',5),(114,2013,'陈思璐','156040027','13037436',5),(115,2013,'张逸冰','167240009','504504',5),(116,2013,'李睿','rui7022','rui9853',5),(118,2013,'彭旭飞','pengxufei','fei110fei110',5),(119,2013,'张婷','14924040','ting315',5),(121,2013,'苑德鹏','14044062','14044062',5),(122,2013,'薛学武','13114032','499658245',5),(123,2013,'葛婉','166747027','277136',5),(124,2013,'尹晓彤','168640033','yinxiaotong0609',5),(125,2013,'静玉玲','zhongyaoyiban','zhongyao',5),(126,2013,'董丹丹','dongdandan','312ddd1114',5),(127,2013,'钟国荣','13014015','1274531',5),(128,2013,'王羚翔','qy14114003','19910621',5),(129,2013,'田荣荣','155840006','155840006',5),(130,2013,'刘校铭','201202','201202',5),(131,2013,'刘婧','169940007','169940007',6),(132,2013,'姚超','169240022','169240022',6),(133,2013,'郑启凯','zqk123','090803',6),(134,2013,'李福新','710321075','sky73520',6),(135,2013,'陈晓雨','10yingxiao2','10yingxiao2',6),(136,2013,'张旭东','zhangxudong','wangting',6),(137,2013,'孙永建','165940011','165940011',6),(138,2013,'陈宏泽','597041358','chz12176900938',6),(139,2013,'吴尚仪','169540016','734035',6),(140,2013,'范静','932150','6922cx',6),(141,2013,'程阳宇','150540066','6186266',6),(142,2013,'黄鹏飞','13014049','2687009',6),(143,2013,'刘丹','13054037','7797610ab',6),(144,2013,'张春雷','10shuigong1','7341308',6),(145,2013,'汪治刚','14044015','19930304',6),(146,2013,'崔国伟','160947026','cgwei7302301',6),(147,2013,'李一','liyi32785027','LIYI1993',6),(148,2013,'白长华','578878064','1233210',6),(149,2013,'韩明彤','158940048','19921028',6),(150,2013,'蔡晓庆','14864027','14864027',6),(151,2013,'刘美岑','lmc1993','19921230',7),(152,2013,'武爽','wushuang','13898106590',7),(153,2013,'伊佳斐','14894011','920727',7),(154,2013,'张连雷','168840045','ad123456789',7),(155,2013,'徐铭','161340085','19880517',7),(156,2013,'徐少聪','155940023','623404',7),(157,2013,'李志娟','166647036','921004',7),(158,2013,'朱沈宁','13904036501','1a1b2a2b',7),(159,2013,'陈书昊','160640050','160640050',7),(160,2013,'孙大平','160640008','1236987450',7),(161,2013,'杨彬彬','169140072','qq7896234',7),(162,2013,'邢竣策','281066156','junceyeai77',7),(163,2013,'于成龙','88888888','88888888',7),(164,2013,'韩乐陶','12shipin2ban','taozi2611',7),(165,2013,'马艳丽','168040001','775728myl',7),(166,2013,'高云超','11linxue2','11linxue2',7),(167,2013,'赵丹丹','14874020','262604',7),(169,2013,'马静怡','160840003','940723',7),(170,2013,'王宇洋','WangYuyang','dqyiban',7),(171,2013,'陈凯','123456','ck19910126',7),(172,2013,'黄昕畑','159540050','378208809',7),(173,2013,'冯玮','154940080','011111',7),(174,2013,'段晓宇','160840071','956999',7),(175,2013,'王珊','169540037','3319940812',7),(176,2013,'司晨冉','sichenran','6995849',7),(177,2013,'尹诗媛','14494032','14494032',7),(178,2013,'杜洋','14494074','2294453422',7),(179,2013,'刘迪','13494009','19900708',7),(180,2013,'王春艳','dududummm','2567016dmq',7),(181,2013,'唐爱迪','14494025','030592',8),(182,2013,'王佳玉','159540055','920717',8),(183,2013,'侯璐','13494089','13494089',8),(184,2013,'车钰倩','cheyuqian','19920417520',8),(186,2013,'盛蕾','13942544605','13942544605',8),(187,2013,'刘芮杉','14134012','14134012',8),(188,2013,'焦文莉','931117','931117',8),(189,2013,'姜红然','154040021','200189199152',8),(190,2013,'刘超','156540000','46659561',8),(191,2013,'郎宇曦','159540016','wolflyx0815',8),(192,2013,'肖舒元','14954022','92211991xsy',8),(193,2013,'樊旭','167440030','199458',8),(194,2013,'李义博','150840009','630454959',8),(195,2013,'战昊','604816148','zhanhao',8),(196,2013,'张俊婷','jane88jane88','19910628',8),(197,2013,'任彤','rentong','rt120190702',8),(198,2013,'宋军鸽','2289957807','35687sjg',8),(199,2013,'鞠立君','724697686','jlj841226123',8),(201,2013,'刘旭晨','151340072','19930220',9),(202,2013,'孙悦','12jishipin3ban','13358839337',9),(203,2013,'陈冰','14604061','14604061',9),(204,2013,'张磊','791552258','wangziyicool',9),(205,2013,'赵吉喆','zhaojizhe1437','zjzaz931106',9),(206,2013,'孙赫阳','shy6600325','as8111417',9),(207,2013,'白旭','baixv111','baixv111',9),(208,2013,'王鹏','14654005','6425191',9),(209,2013,'朱明','1174594127','555558',9),(210,2013,'郝万禄','13593465089','123654',9),(211,2013,'王宝荣','156140051','122312',9),(212,2013,'付诗晨','13954008','707788',9),(213,2013,'裴军强','14074029','14074029',9),(214,2013,'李龙龙','14254016','14254016',9),(215,2013,'薛星艳','changjianxun','12345678',9),(216,2013,'许博闻','151340044','1513400440',9),(217,2013,'蔡思阳','169740060','169740060',9),(218,2013,'刘洋','14254038','14254038',9),(219,2013,'李泽秀','lizexiu','024224',9),(220,2013,'王朔','156340005','156340005',9),(222,2013,'赵聚粉','Zz20110322','110322',9),(223,2013,'苏闯','suchuang0044','suchuang0044',9),(224,2013,'唐傲杰','13044018','846200',9),(225,2013,'邹逸鹤','zouyihe','063128',9),(226,2013,'崔维旭','cuiweixu','cwx12345',9),(227,2013,'曾雅琼','354689936','diyushaonv1325',9),(228,2013,'吴红亮','920228927','whl151882',9),(229,2013,'石霞','161340011','18304018586',9),(230,2013,'朱明洋','yuanyiyiban','1640400',9),(231,2013,'郭璐赟','431587','qaz431587',9),(232,2013,'李东阳','14464035','14464035',9),(233,2013,'张晓磊','160140072','x98c03g07',9),(234,2013,'韩明书','166140081','20060309',9),(235,2013,'包利平','happybaoliping','041322',9),(236,2013,'万爽','wanshuang','900607',9),(237,2013,'魏怀昇','150940048','19376700',9),(238,2013,'聂佳焰','11dianqi3','xd11dianqi3',9),(239,2013,'李为','155140046','10216529',9),(240,2013,'姜艺晖','521314','521314',9),(241,2013,'赵清','166140046','199305200',10),(242,2013,'郭巍','14694019','3178377',10),(243,2013,'付宏杰','154940008','623712',10),(244,2013,'王亚欢','wangyahuan','meizhuqing',10),(245,2013,'刘婷婷','13404072','woaini521',10),(246,2013,'蒋姗姗','09shengtai','123456',10),(247,2013,'杨菊蜻','155140021','199324',10),(248,2013,'于云飞','159240001','114889',10),(249,2013,'石新','13714008','13714008',10),(250,2013,'李雨薇','152440020','517586',10),(251,2013,'李旭','158840047','19930115',10),(252,2013,'李若琪','158840018','LRQLFCF',10),(253,2013,'王海宁','13044051','13044051',10),(254,2013,'涂尚宁','tsnxyz','7123206',10),(255,2013,'李亚魁','14964015','90121378',10),(256,2013,'王冕','165140008','154192',10),(257,2013,'蔡泽慧','14404055','144040551111',10),(258,2013,'李化生','peanut621','621621',10),(259,2013,'纪然','154940044','r39318866',10),(260,2013,'杨秀娟','158740014','158740014',10),(261,2013,'赵文圣','168840021','168840021',11),(262,2013,'傅吉祥','1219103364','gaonan',11),(263,2013,'瞿会','134945029','134945029',11),(264,2013,'文苏莹','154040031','199212',11),(265,2013,'郑金梦','guomaoyiban','zjm13579',11),(266,2013,'赵兴','167140024','167140024',11),(267,2013,'冯梦楠','159740002','159740002',11),(268,2013,'肖慧','14714020','611214',11),(269,2013,'孟丹娜','zhibaoerban','mengdanna',11),(270,2013,'王泉','09nonggong','gaosandemangguo',11),(271,2013,'李晓娟','134945078','aassaa',11),(272,2013,'董前进','12zhibaosanban','12zhibaosanban',11),(273,2013,'陈义轩','shengan','Bleach19',11),(274,2013,'张明明','12jzb1b','13898156351',11),(275,2013,'李振西','12jzb2b','15840206765',11),(276,2013,'郭艳丹','guoyandan','123syndydG',11),(277,2013,'李阳','10yuanyi3ban','10yuanyi3ban',11),(278,2013,'周洁','zhoujie','882664',11),(279,2013,'佟兆庆','10yuanlin2','yuanlin',11),(280,2013,'王丽园','13614028a','YUAN521LIN',11),(282,2013,'李新华','161140017','327848342710',11),(283,2013,'刘志远','yuan0000','123456',11),(284,2013,'张乃楼','157140012','ysys198959',11),(285,2013,'杨雯','09nongzi1','yyy651230',11),(286,2013,'刘洪旭','14074039','46794679',11),(287,2013,'郭占虎','liuxingduanhun','09yuanlin',11),(288,2013,'孙洪竹','13014055','485551',11),(289,2013,'苏建阳','1069617713','sjyxl5250',11),(290,2013,'李英','13484042','13484042',11),(291,2013,'冯亚星','baimuda3','fyx126',11),(293,2013,'王国强','211221','21122119900908',11),(294,2013,'党中恺','14514017','dzk14514017',11),(295,2013,'邹青池','zqc890903','86121574',11),(296,2013,'王斌','460165240','1054702666',11),(297,2013,'杨建春','SEVEN1649','boycheng25',11),(298,2013,'夏家顺','749685634','LEtian520',11),(299,2013,'郑旭明','vaq527','lz19930428M',11),(300,2013,'张信明','13624051','mm417521',11),(301,2013,'罗欣','14564047','lx0219',12),(302,2013,'王晓辉','12nonggong','12nonggong',12),(303,2013,'邵岩','14564023','272829',12),(304,2013,'梁娜','13364075','199053',12),(305,2013,'孙静阳','sjy112233','sjy112233',12),(306,2013,'王焕鹏','breeze','xh13514034',12),(307,2013,'朱俊捷','164640012','164640012',12),(308,2013,'张凌峰','162540046','162540046',12),(309,2013,'白学刚','14084005','123456',12),(310,2013,'金超','162540018','1994511886',12),(311,2013,'李长军','1055203342','A15142003254',12),(312,2013,'缪雪乐','11syyb','11syyb',12),(313,2013,'丁文龙','13244029','longlong1989',12),(314,2013,'程亮亮','20140616','2014LIANG',12),(315,2013,'高红霞','ghx13894069','ghx13894069',12),(316,2013,'廖茜','13254031','13254031',12),(317,2013,'任静茹','156940007','5125120',12),(318,2013,'胡师金','hushijinde','hsj9512369',12),(319,2013,'刘晓儒','160740014','714824',12),(320,2013,'何超','160740039','19940609',12),(321,2013,'张兵','167140042','167140042',12),(322,2013,'张瑞','13244017','19910116',12),(323,2013,'邹星辰','14884046','1234567',12),(324,2013,'袁敏','144020027','yuanmin',12),(325,2013,'安国杰','14084037','123456',12),(327,2013,'林超','13674018','900523',12),(328,2013,'钱则玉','journary32','qianzeyu32',12),(329,2013,'崔阳','0455889','199110',12),(330,2013,'王鹤','10jiaoyun1','10jiaoyun1',12),(331,2013,'张雅','152440045','zhangya931226',12),(332,2013,'李长春','zxc2007','zxc2007',12),(333,2013,'张泽辉','157240009','157240009',12),(334,2013,'任超','13464005','88888888',12),(335,2013,'幸德军','xingdejun789','xingdejun789',12),(336,2013,'郭阳','410567774','410567774',12),(337,2013,'焦阳','10dianqi2','10dianqi2',12),(338,2013,'赵鹭','162150022','147258',12),(339,2013,'刘洪波','14894073','14894073',12),(340,2013,'刘新源','liuxinyuan','123456',12),(341,2013,'龚学锋','162150053','007889',12),(342,2013,'潘宇琦','162150088','162150088',12),(343,2013,'张程宣','zcx920','19900920',12),(344,2013,'宋锋毅','09jianhuan','09jianhuan',12),(345,2013,'马宇彤','958632577','15040214290',12),(346,2013,'叶荣荣','13364009','1990324',12),(347,2013,'国永清','515536242','329357602',12),(348,2013,'李洋','150940015','150940015',12),(349,2013,'王晓晨','13094008','39821250',12),(350,2013,'刘长铎','1196382346','199109210814',12),(351,2013,'秦越','14215054','14215054',13),(352,2013,'刘军','fany150196123','fany150196123',13),(353,2013,'王子方','lafang5213','lafang5213',13),(354,2013,'苏悦','134945044','123654789',13),(355,2013,'张顺洋','285476836','lang80231314',13),(356,2013,'崔新宇','136245020','6997799',13),(357,2013,'闫继辰','915843977','CAT15319820256',13),(358,2013,'张琳琳','linlin','198720',13),(359,2013,'齐智','130545011','19900716',13),(360,2013,'张万里','572552189','zhwanli15048',13),(361,2013,'吕明波','738594639','6462899509',13),(362,2013,'马皓天','mama12','123456',13),(363,2013,'陈墨','395590783','395590783',13),(364,2013,'王双颖','wangshangying','123456',13),(365,2013,'王基伟','309794357','wang15848530299',13),(366,2013,'魏偲','1424879087','weicai321',13),(367,2013,'王琳','wanglin','wanglin',13),(368,2013,'李成','licheng','123456',13),(369,2013,'吕爽','lvshuang','510034649',13),(370,2013,'鄂思宇','150440025','esiyu123',13),(371,2013,'罗云莉','346103897','ocaka346103897',13),(372,2013,'沈啸宇','shenxiaoyu','19900607',13),(373,2013,'闪爱婷','130945025','890121sat',13),(374,2013,'王轶夫','447467878','yqy12345',13),(375,2013,'李曜宇','liyaoyu26','0422005715',13),(376,2013,'段刚强','839041318','duan123456',13),(377,2013,'于贵峙','396220411','987654',13),(378,2013,'邵洪量','syau123','123456a',13),(379,2013,'罗云莉','290295891','123456',13),(380,2013,'秦璐','987654','123456',13),(381,2013,'关凯','syau017','132545017',13),(382,2013,'曹艳辉','166340026','166340026',13),(383,2013,'张旭','gdmiaomiao','2921155',13),(384,2013,'杨欢','121212','51956cara998',13),(385,2013,'卢思羽','14094004','18842345280',13),(386,2013,'王猛','14094026','897577',13),(387,2013,'张丽华','13974013','32983zlh',13),(388,2013,'傅延彬','09shengwukexue','09shengwukexue',13),(389,2013,'程金云','13404030','091205',13),(390,2013,'杨钦','2010nongshui2','123456',13),(392,2013,'牛松','13884002','19890405',13),(393,2013,'魏欢欢','09nengyuan','13634022',13),(394,2013,'胡站涛','14884021','dianxinyiban',13),(395,2013,'曹宏伟','jisuanji2ban','123456',13),(396,2013,'王飞','13924001','13924001',13),(397,2013,'郝娜','xiaoyuerya1992','love1234',13),(398,2013,'杨力维','153040049','5822000',13),(399,2013,'李硕','163440013','18304075629',13),(400,2013,'邢苑英','14984012','14984012',13);

#
# Structure for table "t_log"
#

DROP TABLE IF EXISTS `t_log`;
CREATE TABLE `t_log` (
  `id` varchar(255) NOT NULL DEFAULT '',
  `year` int(11) DEFAULT NULL,
  `voterId` int(11) DEFAULT NULL COMMENT '选举人，投票人，选民',
  `voteeId` int(11) DEFAULT NULL COMMENT '被投票人',
  `createTime` datetime DEFAULT NULL,
  PRIMARY KEY (`id`),
  KEY `fk_log_voterId_voter_id` (`voterId`),
  KEY `fk_log_voteeId_votee_id` (`voteeId`),
  CONSTRAINT `fk_log_voteeId_votee_id` FOREIGN KEY (`voteeId`) REFERENCES `t_votee` (`id`),
  CONSTRAINT `fk_log_voterId_voter_id` FOREIGN KEY (`voterId`) REFERENCES `t_voter` (`Id`)
) ENGINE=InnoDB DEFAULT CHARSET=utf8;

#
# Data for table "t_log"
#

INSERT INTO `t_log` VALUES ('402881e7421913d20142191624270000',2013,1,3,'2013-11-02 21:52:30');

#
# Structure for table "t_voter_dept"
#

DROP TABLE IF EXISTS `t_voter_dept`;
CREATE TABLE `t_voter_dept` (
  `voterId` int(11) NOT NULL DEFAULT '0',
  `deptId` int(11) NOT NULL DEFAULT '0',
  PRIMARY KEY (`voterId`,`deptId`),
  KEY `fk_voter_dept_deptId_dept_id` (`deptId`),
  CONSTRAINT `fk_voter_dept_deptId_dept_id` FOREIGN KEY (`deptId`) REFERENCES `t_dept` (`id`),
  CONSTRAINT `fk_voter_dept_voterId_voter_id` FOREIGN KEY (`voterId`) REFERENCES `t_voter` (`Id`)
) ENGINE=InnoDB DEFAULT CHARSET=utf8;

#
# Data for table "t_voter_dept"
#

INSERT INTO `t_voter_dept` VALUES (1,1),(1,13),(2,1),(3,1),(4,1),(5,1),(6,1),(7,1),(8,1),(9,1),(10,1),(11,1),(12,1),(14,1),(15,1),(16,1),(17,1),(18,1),(19,1),(20,1),(21,1),(22,1),(23,1),(24,1),(25,1),(26,1),(27,1),(28,1),(29,1),(30,1),(31,2),(32,2),(33,2),(34,2),(35,2),(36,2),(37,2),(38,2),(39,2),(40,2),(42,2),(43,2),(44,2),(45,2),(46,2),(47,2),(48,2),(49,2),(50,2),(51,2),(52,2),(53,2),(54,2),(55,2),(56,2),(57,2),(58,2),(59,2),(60,2),(61,3),(62,3),(63,3),(64,3),(65,3),(66,3),(67,3),(68,3),(69,3),(70,3),(71,3),(72,3),(73,3),(74,3),(75,3),(76,3),(77,3),(78,3),(79,3),(80,3),(81,3),(82,3),(83,3),(84,3),(85,3),(86,3),(87,3),(88,3),(89,3),(90,3),(91,4),(92,4),(93,4),(94,4),(95,4),(96,4),(97,4),(98,4),(99,4),(100,4),(101,4),(102,4),(103,4),(104,4),(105,4),(106,4),(107,4),(108,4),(109,4),(110,4),(111,5),(112,5),(113,5),(114,5),(115,5),(116,5),(118,5),(119,5),(121,5),(122,5),(123,5),(124,5),(125,5),(126,5),(127,5),(128,5),(129,5),(130,5),(131,6),(132,6),(133,6),(134,6),(135,6),(136,6),(137,6),(138,6),(139,6),(140,6),(141,6),(142,6),(143,6),(144,6),(145,6),(146,6),(147,6),(148,6),(149,6),(150,6),(151,7),(152,7),(153,7),(154,7),(155,7),(156,7),(157,7),(158,7),(159,7),(160,7),(161,7),(162,7),(163,7),(164,7),(165,7),(166,7),(167,7),(169,7),(170,7),(171,7),(172,7),(173,7),(174,7),(175,7),(176,7),(177,7),(178,7),(179,7),(180,7),(181,8),(182,8),(183,8),(184,8),(186,8),(187,8),(188,8),(189,8),(190,8),(191,8),(192,8),(193,8),(194,8),(195,8),(196,8),(197,8),(198,8),(199,8),(201,9),(202,9),(203,9),(204,9),(205,9),(206,9),(207,9),(208,9),(209,9),(210,9),(211,9),(212,9),(213,9),(214,9),(215,9),(216,9),(217,9),(218,9),(219,9),(220,9),(222,9),(223,9),(224,9),(225,9),(226,9),(227,9),(228,9),(229,9),(230,9),(231,9),(232,9),(233,9),(234,9),(235,9),(236,9),(237,9),(238,9),(239,9),(240,9),(241,10),(242,10),(243,10),(244,10),(245,10),(246,10),(247,10),(248,10),(249,10),(250,10),(251,10),(252,10),(253,10),(254,10),(255,10),(256,10),(257,10),(258,10),(259,10),(260,10),(261,11),(262,11),(263,11),(264,11),(265,11),(266,11),(267,11),(268,11),(269,11),(270,11),(271,11),(272,11),(273,11),(274,11),(275,11),(276,11),(277,11),(278,11),(279,11),(280,11),(282,11),(283,11),(284,11),(285,11),(286,11),(287,11),(288,11),(289,11),(290,11),(291,11),(293,11),(294,11),(295,11),(296,11),(297,11),(298,11),(299,11),(300,11),(301,12),(302,12),(303,12),(304,12),(305,12),(306,12),(307,12),(308,12),(309,12),(310,12),(311,12),(312,12),(313,12),(314,12),(315,12),(316,12),(317,12),(318,12),(319,12),(320,12),(321,12),(322,12),(323,12),(324,12),(325,12),(327,12),(328,12),(329,12),(330,12),(331,12),(332,12),(333,12),(334,12),(335,12),(336,12),(337,12),(338,12),(339,12),(340,12),(341,12),(342,12),(343,12),(344,12),(345,12),(346,12),(347,12),(348,12),(349,12),(350,12),(351,13),(352,13),(353,13),(354,13),(355,13),(356,13),(357,13),(358,13),(359,13),(360,13),(361,13),(362,13),(363,13),(364,13),(365,13),(366,13),(367,13),(368,13),(369,13),(370,13),(371,13),(372,13),(373,13),(374,13),(375,13),(376,13),(377,13),(378,13),(379,13),(380,13),(381,13),(382,13),(383,13),(384,13),(385,13),(386,13),(387,13),(388,13),(389,13),(390,13),(392,13),(393,13),(394,13),(395,13),(396,13),(397,13),(398,13),(399,13),(400,13);
